{
    "time": 0.0,
    "predictions": [
        [
            62.52277361138465,
            62.52277361138465,
            62.52277361138465,
            62.52277361138465
        ],
        [
            63.05950203325593,
            63.05950203325593,
            63.05950203325593,
            63.05950203325593
        ],
        [
            62.85727039987023,
            62.85727039987023,
            62.85727039987023,
            62.85727039987023
        ],
        [
            62.22678471465376,
            62.22678471465376,
            62.22678471465376,
            62.22678471465376
        ],
        [
            62.13272241455606,
            62.13272241455606,
            62.13272241455606,
            62.13272241455606
        ],
        [
            61.97273653764899,
            61.97273653764899,
            61.97273653764899,
            61.97273653764899
        ],
        [
            61.88999594308737,
            61.88999594308737,
            61.88999594308737,
            61.88999594308737
        ],
        [
            61.904736132089354,
            61.904736132089354,
            61.904736132089354,
            61.904736132089354
        ],
        [
            61.92025646691689,
            61.92025646691689,
            61.92025646691689,
            61.92025646691689
        ],
        [
            61.64021031079985,
            61.64021031079985,
            61.64021031079985,
            61.64021031079985
        ],
        [
            61.48768306170018,
            61.48768306170018,
            61.48768306170018,
            61.48768306170018
        ],
        [
            61.42771981233281,
            61.42771981233281,
            61.42771981233281,
            61.42771981233281
        ],
        [
            61.33980348504228,
            61.33980348504228,
            61.33980348504228,
            61.33980348504228
        ],
        [
            61.38741222787293,
            61.38741222787293,
            61.38741222787293,
            61.38741222787293
        ],
        [
            61.27585311390488,
            61.27585311390488,
            61.27585311390488,
            61.27585311390488
        ],
        [
            61.27667341514857,
            61.27667341514857,
            61.27667341514857,
            61.27667341514857
        ],
        [
            61.22033299249913,
            61.22033299249913,
            61.22033299249913,
            61.22033299249913
        ],
        [
            60.85309980507981,
            60.85309980507981,
            60.85309980507981,
            60.85309980507981
        ],
        [
            62.294094681014926,
            62.294094681014926,
            62.294094681014926,
            62.294094681014926
        ],
        [
            62.33604733538473,
            62.33604733538473,
            62.33604733538473,
            62.33604733538473
        ],
        [
            62.64262060384877,
            62.64262060384877,
            62.64262060384877,
            62.64262060384877
        ],
        [
            62.54162315645295,
            62.54162315645295,
            62.54162315645295,
            62.54162315645295
        ],
        [
            62.644875264797435,
            62.644875264797435,
            62.644875264797435,
            62.644875264797435
        ],
        [
            62.41669342188971,
            62.41669342188971,
            62.41669342188971,
            62.41669342188971
        ],
        [
            62.12467121070608,
            62.12467121070608,
            62.12467121070608,
            62.12467121070608
        ],
        [
            62.22622395569566,
            62.22622395569566,
            62.22622395569566,
            62.22622395569566
        ],
        [
            62.144570638079735,
            62.144570638079735,
            62.144570638079735,
            62.144570638079735
        ],
        [
            62.012162435932865,
            62.012162435932865,
            62.012162435932865,
            62.012162435932865
        ],
        [
            62.57661665713185,
            62.57661665713185,
            62.57661665713185,
            62.57661665713185
        ],
        [
            62.608096123782374,
            62.608096123782374,
            62.608096123782374,
            62.608096123782374
        ],
        [
            62.26363792663152,
            62.26363792663152,
            62.26363792663152,
            62.26363792663152
        ],
        [
            62.06579316032356,
            62.06579316032356,
            62.06579316032356,
            62.06579316032356
        ],
        [
            61.99888568248525,
            61.99888568248525,
            61.99888568248525,
            61.99888568248525
        ],
        [
            62.58024931928138,
            62.58024931928138,
            62.58024931928138,
            62.58024931928138
        ],
        [
            62.7518690271196,
            62.7518690271196,
            62.7518690271196,
            62.7518690271196
        ],
        [
            62.48001773239634,
            62.48001773239634,
            62.48001773239634,
            62.48001773239634
        ],
        [
            62.19185658351467,
            62.19185658351467,
            62.19185658351467,
            62.19185658351467
        ],
        [
            62.621096254466494,
            62.621096254466494,
            62.621096254466494,
            62.621096254466494
        ],
        [
            62.86281832525844,
            62.86281832525844,
            62.86281832525844,
            62.86281832525844
        ],
        [
            62.89610736706627,
            62.89610736706627,
            62.89610736706627,
            62.89610736706627
        ],
        [
            62.577206747047356,
            62.577206747047356,
            62.577206747047356,
            62.577206747047356
        ],
        [
            62.26991975897535,
            62.26991975897535,
            62.26991975897535,
            62.26991975897535
        ],
        [
            62.05428183180601,
            62.05428183180601,
            62.05428183180601,
            62.05428183180601
        ],
        [
            62.109624954558896,
            62.109624954558896,
            62.109624954558896,
            62.109624954558896
        ],
        [
            62.13905110181781,
            62.13905110181781,
            62.13905110181781,
            62.13905110181781
        ],
        [
            62.20052651873981,
            62.20052651873981,
            62.20052651873981,
            62.20052651873981
        ],
        [
            62.20414844607792,
            62.20414844607792,
            62.20414844607792,
            62.20414844607792
        ],
        [
            62.19579238969416,
            62.19579238969416,
            62.19579238969416,
            62.19579238969416
        ],
        [
            62.18382616795577,
            62.18382616795577,
            62.18382616795577,
            62.18382616795577
        ],
        [
            62.73178624550117,
            62.73178624550117,
            62.73178624550117,
            62.73178624550117
        ],
        [
            63.115708428221744,
            63.115708428221744,
            63.115708428221744,
            63.115708428221744
        ],
        [
            62.85728265107733,
            62.85728265107733,
            62.85728265107733,
            62.85728265107733
        ],
        [
            62.59345906527634,
            62.59345906527634,
            62.59345906527634,
            62.59345906527634
        ],
        [
            63.309621187946874,
            63.309621187946874,
            63.309621187946874,
            63.309621187946874
        ],
        [
            63.19405855047566,
            63.19405855047566,
            63.19405855047566,
            63.19405855047566
        ],
