{
    "time": 0.036214590072631836,
    "predictions": [
        [
            62.96260000000012,
            63.58159500000001,
            63.15070000000002,
            62.388914295565485
        ],
        [
            63.682000000000016,
            63.14089515873019,
            62.40509999999992,
            62.50801747127895
        ],
        [
            63.228900000000024,
            62.515567777777726,
            62.523799999999994,
            62.34537465742612
        ],
        [
            62.39099999999994,
            62.52873888888887,
            62.29280000000013,
            62.27541972416494
        ],
        [
            62.544099999999986,
            62.32088293162403,
            62.33100000000011,
            62.22285125714139
        ],
        [
            62.26510000000014,
            62.27634973870585,
            62.21480000000003,
            62.268298928710365
        ],
        [
            62.29490000000014,
            62.221549050911,
            62.26590000000012,
            61.864675767561906
        ],
        [
            62.21150000000003,
            62.28324824405535,
            61.8303000000001,
            61.838824997917925
        ],
        [
            62.271600000000134,
            61.86447047645875,
            61.86779999999993,
            61.82954557752336
        ],
        [
            61.845600000000104,
            61.857722144760544,
            61.79690000000011,
            61.66905993716175
        ],
        [
            61.87789999999993,
            61.735269042679356,
            61.65979999999994,
            61.751360409181956
        ],
        [
            61.82270000000007,
            61.70548789609675,
            61.57990000000009,
            61.37002659062897
        ],
        [
            61.60579999999991,
            61.66784435801472,
            61.62149999999991,
            61.55557951130842
        ],
        [
            61.820500000000095,
            61.641395290509465,
            61.662300000000045,
            61.57929104853898
        ],
        [
            61.609799999999915,
            61.62106631560294,
            61.428199999999975,
            61.065682264316
        ],
        [
            61.694300000000055,
            61.555964821649475,
            61.1913,
            60.54628297208446
        ],
        [
            61.57049999999995,
            61.43313055603472,
            60.20219999999999,
            59.930995958773465
        ],
        [
            61.020700000000005,
            59.95707895238093,
            59.51120000000005,
            60.05937542328909
        ],
        [
            61.752500000000055,
            61.560411782507806,
            60.57480000000001,
            60.527037583841604
        ],
        [
            61.50010000000001,
            61.24473150789097,
            60.35120000000002,
            60.383906278243586
        ],
        [
            61.984000000000016,
            61.72819973602546,
            60.665400000000005,
            60.46483934483386
        ],
        [
            61.75550000000005,
            61.29164496741561,
            60.50350000000006,
            60.27036249437658
        ],
        [
            61.869800000000026,
            61.65688356410633,
            61.861499999999985,
            61.56370612949412
        ],
        [
            61.53079999999996,
            61.14977259817498,
            61.41079999999998,
            61.56933888259964
        ],
        [
            61.12739999999998,
            60.988260992891135,
            61.202999999999975,
            61.553947734958946
        ],
        [
            61.51350000000003,
            61.46338439454458,
            61.576899999999995,
            61.65645434060971
        ],
        [
            61.36090000000002,
            61.31094800100336,
            60.77849999999996,
            60.88589412000775
        ],
        [
            61.180400000000006,
            61.24442621802798,
            61.218799999999966,
            61.30320389209816
        ],
        [
            61.875400000000035,
            61.72133647561473,
            61.59620000000001,
            61.251636525833895
        ],
        [
            61.820599999999985,
            62.00516084768264,
            61.93490000000004,
            61.521568643818846
        ],
        [
            61.49609999999996,
            61.07410162986188,
            61.5219,
            61.34160657943041
        ],
        [
            61.2227,
            61.40379606486849,
            61.49179999999998,
            61.2794298644838
        ],
        [
            61.05109999999998,
            61.26212762448887,
            61.25589999999997,
            61.26058152737677
        ],
        [
            61.84810000000003,
            61.68648070263405,
            61.530899999999995,
            61.38380871509694
        ],
        [
            61.93760000000001,
            61.672216088603854,
            61.39870000000002,
            61.18551260884452
        ],
        [
            61.57309999999995,
            61.28751175052291,
            61.18749999999998,
            61.18745767527294
        ],
        [
            61.35280000000002,
            61.483824627794775,
            61.49200000000002,
            61.37800419859543
        ],
        [
            61.95139999999999,
            61.68810985635728,
            61.38530000000001,
            61.27030325111965
        ],
        [
            62.13740000000001,
            61.93519894682721,
            61.57510000000001,
            61.40710061836105
        ],
        [
            62.19230000000003,
            61.87343252253581,
            61.7362,
            61.498806172014945
        ],
        [
            61.782300000000006,
            61.5224234503178,
            61.67690000000002,
            61.6852060409326
        ],
        [
            61.56529999999997,
            61.538061335600226,
            61.575999999999986,
            61.55684571395258
        ],
        [
            61.19909999999999,
            60.88129235301618,
            60.01010000000003,
            60.04904444423222
        ],
        [
            61.255700000000004,
            61.30619808831245,
            60.30660000000002,
            60.29421250426433
        ],
        [
            61.23310000000004,
            61.27623289971998,
            60.332300000000004,
            60.397130046383275
        ],
        [
            61.24040000000004,
            61.48552506345615,
            61.497199999999964,
            61.71950128745155
        ],
        [
            61.220300000000016,
            61.28784987154222,
            60.32890000000001,
            60.446469533562755
        ],
        [
            61.24339999999998,
            61.31232359400133,
            60.312900000000006,
            60.43376932522941
        ],
        [
            61.40559999999998,
            61.32390146667221,
            60.31890000000001,
            60.42365972513364
        ],
        [
            62.115299999999976,
            61.739610260431654,
            60.56219999999999,
            60.427499807045315
        ],
        [
            62.27320000000002,
            61.94902629632609,
            60.884400000000035,
            60.85518501310221
        ],
        [
            61.977500000000006,
            61.382242343326176,
            60.70900000000006,
            61.14732675685435
        ],
        [
            61.706899999999926,
            61.6100687348239,
            60.45690000000005,
            60.58981759647426
        ],
        [
            62.72050000000001,
            62.1620054094843,
            61.38999999999998,
            61.56459609708895
        ],
        [
            62.40900000000007,
            62.124695409451654,
            61.609800000000035,
            61.91124820096581
        ],
