{
    "time": 0.0010039806365966797,
    "predictions": [
        [
            62.97552534904203,
            62.818609250867134,
            62.63943457238456,
            62.499805436653396
        ],
        [
            63.586827176836735,
            63.427776194616825,
            63.19832511081688,
            63.02676150062468
        ],
        [
            63.29882322586997,
            63.08355871561963,
            62.884263308832175,
            62.7913076511724
        ],
        [
            62.57054263420058,
            62.420127812604804,
            62.31899540579373,
            62.22533300930436
        ],
        [
            62.53374976498573,
            62.45266207615343,
            62.36554536422317,
            62.19300374396012
        ],
        [
            62.33452385602488,
            62.23109567896875,
            62.146853586493854,
            62.01000160910976
        ],
        [
            62.27943594832227,
            62.17325016007344,
            62.06463094378761,
            61.91694470348805
        ],
        [
            62.2236926997544,
            62.12367025412916,
            62.022485193426476,
            61.911962117520034
        ],
        [
            62.26049237256795,
            62.16062407060615,
            62.050100272134344,
            61.92857855828142
        ],
        [
            61.89700875288681,
            61.791184704258434,
            61.71178169455622,
            61.63690212434206
        ],
        [
            61.870213253832794,
            61.76610999926425,
            61.657199300831934,
            61.51107734579452
        ],
        [
            61.82703147282924,
            61.70141958773209,
            61.576557367009244,
            61.436372627749876
        ],
        [
            61.65075985854873,
            61.547694619582046,
            61.4547410400867,
            61.34761829613832
        ],
        [
            61.778297538525706,
            61.670292801270314,
            61.542231055542416,
            61.39674304379388
        ],
        [
            61.645590055454015,
            61.51246594192365,
            61.385210782068796,
            61.267096352923986
        ],
        [
            61.66232895964107,
            61.54482383014551,
            61.41651337780871,
            61.2794278488957
        ],
        [
            61.563489530172326,
            61.44568460055247,
            61.32957127089128,
            61.215910562383385
        ],
        [
            61.10119074225382,
            61.003337373418105,
            60.94005344920654,
            60.86025726884975
        ],
        [
            61.443702768060476,
            61.818337989992294,
            62.109394490511235,
            62.232458492075594
        ],
        [
            61.56816430008909,
            61.862042369126264,
            62.092131698946076,
            62.22571968998677
        ],
        [
            62.06935778209841,
            62.31553162863338,
            62.45504837926448,
            62.51844015413762
        ],
        [
            61.84141090887455,
            62.05186674551945,
            62.22329482231871,
            62.37774255216233
        ],
        [
            61.84162732982591,
            62.14692090685647,
            62.391250289334415,
            62.536625460616364
        ],
        [
            61.5795947345353,
            61.87647086513957,
            62.14319363454955,
            62.30837147002235
        ],
        [
            61.25727733369796,
            61.58419744425213,
            61.88738317438224,
            62.04479854605254
        ],
        [
            61.470799664585385,
            61.79860430190191,
            62.05297367914494,
            62.15238067314735
        ],
        [
            61.412058399310965,
            61.68232753274378,
            61.90664667084995,
            62.03185944433539
        ],
        [
            61.22446984635495,
            61.51152949214793,
            61.758341232146925,
            61.901886109630084
        ],
        [
            61.90699424842241,
            62.215599773679195,
            62.40476945174011,
            62.477575126728794
        ],
        [
            61.926812456760295,
            62.148148265446245,
            62.31263611589034,
            62.449455831113475
        ],
        [
            61.47885831546075,
            61.73054694178746,
            61.959793867185965,
            62.12621171071041
        ],
        [
            61.23243911474584,
            61.55088849623906,
            61.83280625489109,
            61.97761583492922
        ],
        [
            61.08827237354653,
            61.44961278715,
            61.77364057526297,
            61.93006371084826
        ],
        [
            61.78044125831917,
            62.14839903719914,
            62.39864694377753,
            62.49825944758837
        ],
        [
            61.96296957930968,
            62.23183385625225,
            62.4267178927913,
            62.59004926737382
        ],
        [
            61.43840275111995,
            61.762678906517465,
            62.06990902963402,
            62.326459450367636
        ],
        [
            61.54781083213329,
            61.825897628745516,
            62.02934561577721,
            62.1001635528051
        ],
        [
            61.92203878424647,
            62.217198294127996,
            62.42519296744482,
            62.51699016707557
        ],
        [
            62.14450328150409,
            62.41378234154835,
            62.6027617867798,
            62.72588145204119
        ],
        [
            62.22991894624081,
            62.466376630275775,
            62.629084477784744,
            62.747916060425446
        ],
        [
            61.81119805338877,
            62.06166636352213,
            62.287536777338445,
            62.44521059730769
        ],
        [
            61.561328803473636,
            61.84369383043109,
            62.08821417080675,
            62.189348422422285
        ],
        [
            61.30126386217971,
            61.60158395863585,
            61.87201504429969,
            61.986063749297735
        ],
        [
            61.30879239291011,
            61.645862957944814,
            61.928904856604014,
            62.04820936691184
        ],
        [
            61.313486503747384,
            61.6376193877358,
            61.905834732601406,
            62.049037113410506
        ],
        [
            61.311981977200425,
            61.65237139474367,
            61.93438445667509,
            62.10174800945034
        ],
        [
            61.30818330113099,
            61.64849800195861,
            61.929889983608554,
            62.10305200402167
        ],
        [
            61.36418274210906,
            61.687455327259066,
            61.946376110411364,
            62.096572293066586
        ],
        [
            61.37500589149121,
            61.683832840459644,
            61.93205687536309,
            62.079232096505784
        ],
        [
            62.137122996108275,
            62.42084772666347,
            62.57255122705258,
            62.62694883492465
        ],
        [
            62.501241006984024,
            62.715950578560715,
            62.83535949661319,
            62.9500350513666
        ],
        [
            62.07166744172182,
            62.30499739990443,
            62.509198140410696,
            62.69837750715429
        ],
        [
            61.81615860409718,
            62.111833801142545,
            62.36454116339582,
            62.5016402401257
        ],
        [
            62.71416773131514,
            63.03434267031321,
            63.21621905991731,
            63.24656998981622
        ],
        [
            62.51830355555798,
            62.72305581513827,
            62.89069809027418,
