{
    "time": 0.0031511783599853516,
    "predictions": [
        [
            62.98885917065389,
            62.79447749155503,
            62.645942281309274,
            62.483618907188536
        ],
        [
            63.621285336830915,
            63.372047522821916,
            63.16939601421514,
            62.964844352939544
        ],
        [
            63.30611490330731,
            63.03125548918406,
            62.90440255165362,
            62.7891223440956
        ],
        [
            62.55277427804996,
            62.445620974115634,
            62.35412905866815,
            62.26032127023841
        ],
        [
            62.525390501736105,
            62.52065935435584,
            62.37807893572668,
            62.20980549126669
        ],
        [
            62.320537855951365,
            62.28634412149421,
            62.175279828096386,
            62.04214238190691
        ],
        [
            62.275269089829955,
            62.21182116595835,
            62.09190127760887,
            61.94182003024584
        ],
        [
            62.222732497085,
            62.134600028116076,
            62.02939654902094,
            61.90532530024482
        ],
        [
            62.26319428842431,
            62.170971477403576,
            62.056325389246794,
            61.92387930141315
        ],
        [
            61.88728817102237,
            61.80240565597514,
            61.73285349920005,
            61.64871807225578
        ],
        [
            61.86690107758567,
            61.80021801483434,
            61.69604534293172,
            61.540982608935735
        ],
        [
            61.82488549609284,
            61.72473015502142,
            61.625814184094864,
            61.47956288956963
        ],
        [
            61.6454330579702,
            61.568798266509496,
            61.48927098211078,
            61.37835208789946
        ],
        [
            61.784012537101866,
            61.687378276576496,
            61.57946805881375,
            61.42925525237026
        ],
        [
            61.645064993327345,
            61.52273327622281,
            61.43967845376381,
            61.321366036767614
        ],
        [
            61.66551725912931,
            61.560990045063924,
            61.46502340401252,
            61.324702847786
        ],
        [
            61.563764836394604,
            61.45619623787482,
            61.37495457391298,
            61.25999789106427
        ],
        [
            61.086767508131324,
            61.037009783594684,
            60.995440784026506,
            60.92591392232042
        ],
        [
            61.421721068906955,
            61.886817007098884,
            62.49378551519221,
            62.25273865821981
        ],
        [
            61.54764843701215,
            61.89962512361159,
            62.518807798033464,
            62.288812281904995
        ],
        [
            62.067388874988886,
            62.335295791062244,
            62.90016995706221,
            62.59376155268936
        ],
        [
            61.8207149770681,
            62.052008911082034,
            62.68577470728152,
            62.46730900363535
        ],
        [
            61.81778498427767,
            62.181886533606594,
            62.80181230156143,
            62.56435277892354
        ],
        [
            61.54294123338219,
            61.928433326175316,
            62.580669573700156,
            62.36881342806359
        ],
        [
            61.21234652234144,
            61.66729209685548,
            62.330409211262364,
            62.11573506425841
        ],
        [
            61.44416370056522,
            61.87473980020328,
            62.489613933852496,
            62.21739941897083
        ],
        [
            61.38141399884811,
            61.73639987642004,
            62.37897828083008,
            62.12911492179361
        ],
        [
            61.191285827060206,
            61.56711845471779,
            62.22358965931185,
            61.993461146837625
        ],
        [
            61.90266824258419,
            62.24873575279058,
            62.82213544653082,
            62.50727615512451
        ],
        [
            61.90986068862353,
            62.152064876541736,
            62.77638659489415,
            62.53134559500016
        ],
        [
            61.443084811567836,
            61.769964331640736,
            62.437767707411716,
            62.22702762719254
        ],
        [
            61.19254107654243,
            61.631114051804346,
            62.29164104279058,
            62.06487583959298
        ],
        [
            61.043907753583575,
            61.546904138525505,
            62.217810761826954,
            62.00154612960697
        ],
        [
            61.76629881180717,
            62.210612601504444,
            62.81647229076714,
            62.51760909271502
        ],
        [
            61.94701699711383,
            62.23500708082754,
            62.879690781614066,
            62.6377623798425
        ],
        [
            61.39465768577859,
            61.79552391176246,
            62.52580003455413,
            62.37135769700592
        ],
        [
            61.52347971147285,
            61.9037666754422,
            62.514399847767194,
            62.22139828587477
        ],
        [
            61.90152572679579,
            62.278196720806825,
            62.888679322202876,
            62.59473036320202
        ],
        [
            62.127834399801706,
            62.44283214524062,
            63.0597608351417,
            62.793006982081906
        ],
        [
            62.21644035102303,
            62.481722310994755,
            63.086183242820326,
            62.82768958856654
        ],
        [
            61.776217990108385,
            62.10866444830971,
            62.758456159818635,
            62.551265369423696
        ],
        [
            61.52359486462631,
            61.93592698186668,
            62.56117582396661,
            62.31255805739486
        ],
        [
            61.262323795523336,
            61.69453821822126,
            62.320777717850056,
            62.099070842696804
        ],
        [
            61.279333758242124,
            61.724210178760984,
            62.33497285631226,
            62.11407230673532
        ],
        [
            61.288096795145584,
            61.69334355621284,
            62.31970340505933,
            62.11513401011602
        ],
        [
            61.28724393622483,
            61.69949420335498,
            62.33934832974905,
            62.15019550350379
        ],
        [
            61.28599832682588,
            61.68622026457025,
            62.32125922868704,
            62.14124317796589
        ],
        [
            61.3455801175486,
            61.72557070997465,
            62.34314647904528,
            62.149236673996185
        ],
        [
            61.35601790963393,
            61.721353417570015,
            62.33979362559451,
            62.1457999764863
        ],
        [
            62.14657991044174,
            62.437092668982416,
            62.96655920704292,
            62.67426909450745
        ],
        [
            62.50785744078011,
            62.68463117565215,
            63.24139024266365,
            62.99992704081414
        ],
        [
            62.05147050529208,
            62.298729856996474,
            62.92195032161858,
            62.76318726820593
        ],
        [
            61.788502700283196,
            62.16668915818591,
            62.77201392533957,
            62.56954038621847
        ],
        [
            62.71979798009898,
            63.07641112681061,
            63.56674149562851,
            63.24904447169409
        ],
        [
            62.50230154000207,
            62.716070032331956,
            63.300580348349506,
