{
    "time": 0.01250457763671875,
    "predictions": [
        38.516600000000146,
        38.6215500000001,
        38.50520000000016,
        38.50215000000016,
        38.3410000000001,
        38.6238500000001,
        38.49755000000015,
        38.701200000000085,
        38.407850000000124,
        38.40720000000013,
        38.60075000000012,
        38.10860000000013,
        38.6304999999999,
        38.9864,
        39.148149999999895,
        38.25435000000002,
        37.57580000000012,
        37.897650000000084,
        38.32975000000011,
        38.85660000000008,
        39.870599999999975,
        39.8274,
        39.18640000000006,
        39.22965000000006,
        39.386300000000034,
        39.36940000000005,
        39.333800000000046,
        39.86144999999999,
        39.61050000000002,
        39.48735000000005,
        39.95594999999999,
        39.833600000000004,
        39.41235000000005,
        39.56105000000003,
        39.50975000000003,
        39.697700000000026,
        40.27069999999996,
        40.4449999999999,
        39.980949999999964,
        39.94665,
        40.573599999999914,
        40.29434999999992,
        40.57084999999989,
        40.72369999999988,
        41.036049999999875,
        40.99834999999988,
        41.08074999999988,
        41.178899999999864,
        41.304999999999865,
        40.96884999999989,
        41.02039999999988,
        41.03449999999988,
        40.938699999999876,
        40.836549999999896,
        40.846899999999884,
        41.285299999999886,
        41.23424999999987,
        40.977599999999896,
        40.30124999999995,
        40.6130999999999,
        40.4817499999999,
        39.97404999999999,
        39.81045000000003,
        39.662200000000006,
        39.408350000000034,
        39.23800000000004,
        39.8318,
        39.44795000000003,
        39.298750000000034,
        39.34115000000004,
        38.88965000000007
    ],
    "targets": [
        38.51,
        38.63,
        38.51,
        38.51,
        38.34,
        38.63,
        38.51,
        38.72,
        38.39,
        38.39,
        38.6,
        38.1,
        38.65,
        39.0,
        39.15,
        38.25,
        37.55,
        38.2,
        38.2,
        40.4,
        40.35,
        39.95,
        39.1,
        39.0,
        39.2,
        39.4,
        39.5,
        39.9,
        39.8,
        39.5,
        39.9,
        40.0,
        39.4,
        39.65,
        39.6,
        39.8,
        40.5,
        40.45,
        40.0,
        40.0,
        40.65,
        40.2,
        40.5,
        40.85,
        40.9,
        40.9,
        41.1,
        41.25,
        41.2,
        40.95,
        40.95,
        40.95,
        40.8,
        40.65,
        40.8,
        41.15,
        41.4,
        40.9,
        40.2,
        40.4,
        40.35,
        40.0,
        39.8,
        39.8,
        39.45,
        39.1,
        39.7,
        39.55,
        39.1,
        39.1,
        38.75
    ],
    "mse": 0.04889521591548722,
    "rmse": 0.22112262642137556,
    "mae": 0.11058309859154167,
    "mape": 0.0027656969801674487
}