{
    "time": 0.0,
    "predictions": [
        38.3990014651184,
        38.57805763580469,
        38.50590947138439,
        38.4923422367825,
        38.35950226306659,
        38.56112221687073,
        38.51603815589076,
        38.66225756749277,
        38.43880643343594,
        38.37973812295069,
        38.545468116690266,
        38.184159164121844,
        38.534513715886106,
        38.90618934176602,
        39.090873247509606,
        38.41618552926602,
        37.68382256729698,
        38.10672650915346,
        38.204968969719694,
        39.96876433033897,
        40.31779242370306,
        40.0199605613311,
        39.292024057320276,
        39.045094983042695,
        39.175111396428505,
        39.3624640377698,
        39.47472143290082,
        39.807884559430086,
        39.81511002965915,
        39.56697782399985,
        39.82173231632105,
        39.97944775852058,
        39.54001024794251,
        39.603775050006895,
        39.61647517927619,
        39.76056376492183,
        40.33740589777378,
        40.444370628742575,
        40.09447105470323,
        39.999737876975125,
        40.501188262085975,
        40.29689625374119,
        40.425133998183405,
        40.75497373470254,
        40.87330465439758,
        40.88531169249589,
        41.0410173254397,
        41.20059333513181,
        41.19943441646874,
        41.00301449985416,
        40.94655105404923,
        40.946480044889036,
        40.83129681207684,
        40.68252766621291,
        40.762329546678615,
        41.05832827379987,
        41.32290242852563,
        41.01328463900319,
        40.37375582282428,
        40.366319095415754,
        40.36462243664634,
        40.080960400159015,
        39.847623464619424,
        39.80402814521517,
        39.53015029020015,
        39.18158262279869,
        39.5780896894309,
        39.574552595357304,
        39.19455844070794,
        39.103826268497706,
        38.82878264590639
    ],
    "targets": [
        38.51,
        38.63,
        38.51,
        38.51,
        38.34,
        38.63,
        38.51,
        38.72,
        38.39,
        38.39,
        38.6,
        38.1,
        38.65,
        39.0,
        39.15,
        38.25,
        37.55,
        38.2,
        38.2,
        40.4,
        40.35,
        39.95,
        39.1,
        39.0,
        39.2,
        39.4,
        39.5,
        39.9,
        39.8,
        39.5,
        39.9,
        40.0,
        39.4,
        39.65,
        39.6,
        39.8,
        40.5,
        40.45,
        40.0,
        40.0,
        40.65,
        40.2,
        40.5,
        40.85,
        40.9,
        40.9,
        41.1,
        41.25,
        41.2,
        40.95,
        40.95,
        40.95,
        40.8,
        40.65,
        40.8,
        41.15,
        41.4,
        40.9,
        40.2,
        40.4,
        40.35,
        40.0,
        39.8,
        39.8,
        39.45,
        39.1,
        39.7,
        39.55,
        39.1,
        39.1,
        38.75
    ],
    "mse": 0.008436952241319138,
    "rmse": 0.09185288368537559,
    "mae": 0.06601607536557953,
    "mape": 0.001665081914979783
}