{
    "time": 0.0010223388671875,
    "predictions": [
        38.42670150441439,
        38.60297538179892,
        38.52463944470485,
        38.50650967186889,
        38.36498034930754,
        38.58034855602536,
        38.52430144365929,
        38.67980359047507,
        38.4396315309426,
        38.38518755693996,
        38.56143180631697,
        38.179550568682764,
        38.56238945874498,
        38.93730723572738,
        39.11933609827374,
        38.406718968651,
        37.6615069546806,
        38.10718945814967,
        38.20010623065651,
        40.04883940786133,
        40.3510608220467,
        40.02551728233609,
        39.26415531383116,
        39.02112906422,
        39.166857694187634,
        39.36292659870016,
        39.48065562674274,
        39.825482607532585,
        39.81924997799218,
        39.55850636501855,
        39.82792390199052,
        39.981961434613105,
        39.51864921154897,
        39.609366530662605,
        39.61390151674683,
        39.76617016240234,
        40.367743111839296,
        40.46179332319168,
        40.09287062213037,
        39.999712413257335,
        40.52290703562914,
        40.29326645697822,
        40.439016634449295,
        40.776375140143536,
        40.88802905096356,
        40.899938909706414,
        41.05586758639719,
        41.21637541369203,
        41.20967620552434,
        41.002678759983944,
        40.9483258510374,
        40.94822582786295,
        40.828982334905795,
        40.67869984895808,
        40.762943586725605,
        41.066606839845,
        41.33242423218412,
        40.99663664016864,
        40.33692268803565,
        40.34955555793878,
        40.35022042440894,
        40.059711037459316,
        39.827324431727114,
        39.787793251205734,
        39.50542249940714,
        39.15376199525989,
        39.58144328388807,
        39.565589433940296,
        39.172126667037396,
        39.09001393595182,
        38.80212031406507
    ],
    "targets": [
        38.51,
        38.63,
        38.51,
        38.51,
        38.34,
        38.63,
        38.51,
        38.72,
        38.39,
        38.39,
        38.6,
        38.1,
        38.65,
        39.0,
        39.15,
        38.25,
        37.55,
        38.2,
        38.2,
        40.4,
        40.35,
        39.95,
        39.1,
        39.0,
        39.2,
        39.4,
        39.5,
        39.9,
        39.8,
        39.5,
        39.9,
        40.0,
        39.4,
        39.65,
        39.6,
        39.8,
        40.5,
        40.45,
        40.0,
        40.0,
        40.65,
        40.2,
        40.5,
        40.85,
        40.9,
        40.9,
        41.1,
        41.25,
        41.2,
        40.95,
        40.95,
        40.95,
        40.8,
        40.65,
        40.8,
        41.15,
        41.4,
        40.9,
        40.2,
        40.4,
        40.35,
        40.0,
        39.8,
        39.8,
        39.45,
        39.1,
        39.7,
        39.55,
        39.1,
        39.1,
        38.75
    ],
    "mse": 0.005869374660497282,
    "rmse": 0.07661184412672287,
    "mae": 0.054630236367068354,
    "mape": 0.0013777594621142938
}