{
    "time": 0.001215219497680664,
    "predictions": [
        24.04883382289958,
        24.099562091083953,
        24.20262960942989,
        24.29765577496724,
        24.221877803115632,
        24.18717426583288,
        23.86877494386499,
        23.790330733468068,
        23.935869232708882,
        24.300585326037776,
        24.342252831058346,
        24.49961565395847,
        24.60290222415432,
        23.910168023551762,
        23.671974869861685,
        23.891198931016532,
        23.95247247410606,
        23.552108899165432,
        23.564649023712235,
        23.681104072664994,
        23.809189432766658,
        24.23572457279286,
        24.2352684227032,
        24.192599740154577,
        24.484758301795154,
        24.696457163584228,
        24.661846311619257,
        24.678957549030287,
        25.042426193776265,
        25.55009199442148,
        25.80799503781074,
        25.72978090433901,
        25.84978726738612,
        25.963958277672617,
        25.88160643974072,
        26.000091511412137,
        26.372353847701902,
        26.479218427696196,
        26.405708487614504,
        26.317063404015414,
        26.256867065155063,
        26.141978098371283,
        27.009753552974416,
        27.311781700539484,
        27.51031588936206,
        27.690274332123835,
        27.880150994367114,
        27.88042109795768,
        27.49900168514563,
        27.306449838400482,
        27.361054303880934,
        27.29344949611925,
        27.362114917819383,
        27.3662655358263,
        27.67653908782907,
        27.924038987033043,
        27.81568125132557,
        27.609600043553627
    ],
    "targets": [
        24.05,
        24.15,
        24.25,
        24.35,
        24.2,
        24.2,
        23.75,
        23.8,
        24.0,
        24.45,
        24.35,
        24.6,
        24.65,
        23.6,
        23.65,
        23.95,
        23.95,
        23.4,
        23.6,
        23.7,
        23.85,
        24.4,
        24.2,
        24.2,
        24.6,
        24.75,
        24.65,
        24.7,
        25.2,
        25.75,
        25.9,
        25.7,
        25.95,
        26.0,
        25.85,
        26.1,
        26.55,
        26.5,
        26.4,
        26.3,
        26.25,
        26.1,
        27.5,
        27.3,
        27.7,
        27.75,
        28.0,
        27.85,
        27.3,
        27.3,
        27.4,
        27.25,
        27.45,
        27.35,
        27.9,
        28.0,
        27.75,
        27.55
    ],
    "mse": 0.013331998015478012,
    "rmse": 0.11546427159722618,
    "mae": 0.07703330723634114,
    "mape": 0.0029904374837221416
}