{
    "time": 0.008197546005249023,
    "predictions": [
        24.056000000000004,
        24.14350000000004,
        24.2705,
        24.33919999999996,
        24.206299999999995,
        24.199499999999997,
        23.745500000000003,
        23.817099999999996,
        24.004499999999997,
        24.429899999999993,
        24.324299999999965,
        24.588999999999956,
        24.615300000000044,
        24.385599999999986,
        23.687300000000022,
        23.860100000000006,
        23.9011,
        23.560499999999998,
        23.686500000000013,
        23.678200000000025,
        23.733800000000016,
        24.227800000000002,
        23.978100000000005,
        24.205799999999996,
        24.519899999999996,
        24.63510000000002,
        24.54020000000001,
        24.63010000000003,
        24.693200000000004,
        25.162199999999984,
        25.236299999999993,
        25.128099999999975,
        25.319999999999986,
        25.274899999999988,
        25.178699999999978,
        25.314699999999988,
        25.33159999999998,
        25.256399999999985,
        25.227699999999977,
        25.227699999999977,
        25.256399999999985,
        25.172199999999975,
        25.336299999999984,
        25.155699999999975,
        25.35909999999998,
        25.278899999999986,
        25.329299999999986,
        25.179299999999976,
        25.149899999999974,
        25.274399999999986,
        25.276899999999987,
        25.184799999999978,
        25.29139999999999,
        25.235199999999978,
        25.36049999999998,
        25.276899999999987,
        25.157799999999973,
        25.16329999999997
    ],
    "targets": [
        24.05,
        24.15,
        24.25,
        24.35,
        24.2,
        24.2,
        23.75,
        23.8,
        24.0,
        24.45,
        24.35,
        24.6,
        24.65,
        23.6,
        23.65,
        23.95,
        23.95,
        23.4,
        23.6,
        23.7,
        23.85,
        24.4,
        24.2,
        24.2,
        24.6,
        24.75,
        24.65,
        24.7,
        25.2,
        25.75,
        25.9,
        25.7,
        25.95,
        26.0,
        25.85,
        26.1,
        26.55,
        26.5,
        26.4,
        26.3,
        26.25,
        26.1,
        27.5,
        27.3,
        27.7,
        27.75,
        28.0,
        27.85,
        27.3,
        27.3,
        27.4,
        27.25,
        27.45,
        27.35,
        27.9,
        28.0,
        27.75,
        27.55
    ],
    "mse": 1.717241304310376,
    "rmse": 1.3104355399295213,
    "mae": 0.8862017241379391,
    "mape": 0.032733592509997515
}