{
    "time": 0.0014510154724121094,
    "predictions": [
        24.06992459407373,
        24.11691513484179,
        24.220353125323832,
        24.31529240110046,
        24.244832854436012,
        24.205817542420764,
        23.897996277310867,
        23.808193286417804,
        23.951462953563237,
        24.310932167521177,
        24.365477177029014,
        24.514656756063733,
        24.622451676386753,
        23.960988705871134,
        23.69567277759878,
        23.907861299876352,
        23.97819940901767,
        23.591053637511,
        23.58693534772823,
        23.704956395339163,
        23.830992694697514,
        24.249073843379414,
        24.267658306928354,
        24.220377955516526,
        24.503338461159107,
        24.7209217265004,
        24.695127971283878,
        24.707719689714356,
        25.060407786178146,
        25.567520916608785,
        25.834722906164313,
        25.76323639891837,
        25.87194077401059,
        25.991427576206647,
        25.912442017568246,
        26.022214671022965,
        26.39075980493288,
        26.509149919785266,
        26.436835585780237,
        26.347202528766466,
        26.285256991917215,
        26.171941400562517,
        27.005556319345054,
        27.343124237003565,
        27.52559474237014,
        27.711056647085414,
        27.895742623043027,
        27.903338744955164,
        27.529823883438844,
        27.32623798044837,
        27.378841001620707,
        27.3153998321967,
        27.37758929026039,
        27.388983606417263,
        27.68484158471626,
        27.942710395637917,
        27.84183102263618,
        27.635368948631314
    ],
    "targets": [
        24.05,
        24.15,
        24.25,
        24.35,
        24.2,
        24.2,
        23.75,
        23.8,
        24.0,
        24.45,
        24.35,
        24.6,
        24.65,
        23.6,
        23.65,
        23.95,
        23.95,
        23.4,
        23.6,
        23.7,
        23.85,
        24.4,
        24.2,
        24.2,
        24.6,
        24.75,
        24.65,
        24.7,
        25.2,
        25.75,
        25.9,
        25.7,
        25.95,
        26.0,
        25.85,
        26.1,
        26.55,
        26.5,
        26.4,
        26.3,
        26.25,
        26.1,
        27.5,
        27.3,
        27.7,
        27.75,
        28.0,
        27.85,
        27.3,
        27.3,
        27.4,
        27.25,
        27.45,
        27.35,
        27.9,
        28.0,
        27.75,
        27.55
    ],
    "mse": 0.013871218836741837,
    "rmse": 0.117776138656104,
    "mae": 0.07951819055430222,
    "mape": 0.003087217496010113
}