{
    "time": 0.0010061264038085938,
    "predictions": [
        62.98821581976613,
        63.62068198504905,
        63.30544665452475,
        62.55206148100452,
        62.52465681868181,
        62.31980374293433,
        62.27453709423269,
        62.222126427436585,
        62.26255265689789,
        61.886673084545514,
        61.86620697691617,
        61.82414849641321,
        61.64474349169975,
        61.78325931502956,
        61.64427576171979,
        61.66474052021683,
        61.56300871683799,
        61.08599671004401,
        61.42083042341377,
        61.54663082192777,
        62.06624654568291,
        61.81965187375044,
        61.81692728370239,
        61.54203260572503,
        61.211440511139024,
        61.443175431233776,
        61.38037453762876,
        61.19027859263314,
        61.90171804556636,
        61.908807323762254,
        61.442051749987776,
        61.19154462977274,
        61.04296779831028,
        61.76538553536829,
        61.946062183930046,
        61.39383128626056,
        61.52226751205857,
        61.90043913266255,
        62.12676489274045,
        62.21530988995844,
        61.775091595366725,
        61.52240914803327,
        61.261180417443846,
        61.27831035034743,
        61.287057516881525,
        61.2862583584189,
        61.28503975067233,
        61.34454719607428,
        61.35493616192067,
        62.14540755595588,
        62.50671165539686,
        62.050394998805054,
        61.78742900723268,
        62.71875133383531,
        62.5012048546477,
        62.424801527437346,
        62.257890397676185,
        62.2252214800891,
        62.49846590566886,
        63.43983894260848,
        64.54644647340405,
        64.74964761089626,
        66.3226818805955,
        65.7601959295302,
        65.90592959902204,
        67.03386885230131,
        66.91522120801957,
        66.57054143600513,
        66.74320998755437,
        66.18355484300221,
        66.40657081482607,
        66.2722571961529,
        65.8947400643982,
        65.57360030071013,
        64.95570433372373,
        64.17052324078108
    ],
    "targets": [
        63.01,
        63.75,
        63.21,
        62.41,
        62.54,
        62.27,
        62.27,
        62.21,
        62.27,
        61.81,
        61.87,
        61.81,
        61.61,
        61.81,
        61.61,
        61.67,
        61.54,
        61.0,
        61.47,
        61.54,
        62.14,
        61.74,
        61.81,
        61.47,
        61.14,
        61.47,
        61.34,
        61.14,
        62.01,
        61.87,
        61.34,
        61.14,
        61.0,
        61.87,
        61.94,
        61.27,
        61.54,
        61.94,
        62.14,
        62.21,
        61.67,
        61.47,
        61.2,
        61.27,
        61.27,
        61.27,
        61.27,
        61.34,
        61.34,
        62.27,
        62.54,
        61.94,
        61.74,
        62.88,
        62.41,
        62.41,
        62.21,
        62.21,
        62.54,
        63.61,
        64.75,
        64.75,
        66.7,
        65.5,
        66.0,
        67.3,
        66.8,
        66.5,
        66.8,
        66.0,
        66.5,
        66.2,
        65.8,
        65.5,
        64.8,
        64.0
    ],
    "mse": 0.009710993485496583,
    "rmse": 0.09854437318029165,
    "mae": 0.07044962947240625,
    "mape": 0.001106849654035951
}