{
    "time": 0.015828847885131836,
    "predictions": [
        62.96223866522376,
        63.66470192460318,
        63.23454923701274,
        62.4209716526601,
        62.55209479465736,
        62.27352818417219,
        62.286551722980505,
        62.234863144336686,
        62.263315605209364,
        61.85385718412565,
        61.86421802620628,
        61.831422232190434,
        61.597842682713235,
        61.81711410527819,
        61.5984866068032,
        61.701160706682586,
        61.56924397078011,
        61.022250970402126,
        61.70900452299632,
        61.488007278087046,
        61.86155347691073,
        61.75308145076129,
        61.852154837571305,
        61.505304033187976,
        61.12503661666609,
        61.530898229306715,
        61.34192977764432,
        61.19287075277911,
        61.81740098033907,
        61.818023525891796,
        61.49167507148255,
        61.19967417500882,
        61.042941295863855,
        61.78975379856252,
        61.92124604548255,
        61.47205840096958,
        61.3248428040339,
        61.85265426470491,
        62.114851787124245,
        62.21366171355712,
        61.767693760276764,
        61.567208037335924,
        61.21084521121862,
        61.26389690181277,
        61.250106029015086,
        61.25615457068176,
        61.24996586875867,
        61.26368204244609,
        61.42316143368492,
        61.99604988983238,
        62.240089868177265,
        61.9725027061708,
        61.67756409739017,
        62.673787894128324,
        62.38383213325898,
        62.33987906189824,
        62.22379124355427,
        62.227029227116965,
        62.386188344849714,
        63.32814000000005,
        63.60924999999995,
        63.593462499999944,
        63.78019999999993,
        63.427399999999906,
        63.92004999999995,
        63.98129999999994,
        63.580099999999945,
        63.75349999999993,
        63.86574999999994,
        63.466449999999924,
        63.92004999999995,
        63.75349999999993,
        63.720099999999945,
        63.75354999999993,
        63.476099999999924,
        63.37594999999991
    ],
    "targets": [
        63.01,
        63.75,
        63.21,
        62.41,
        62.54,
        62.27,
        62.27,
        62.21,
        62.27,
        61.81,
        61.87,
        61.81,
        61.61,
        61.81,
        61.61,
        61.67,
        61.54,
        61.0,
        61.47,
        61.54,
        62.14,
        61.74,
        61.81,
        61.47,
        61.14,
        61.47,
        61.34,
        61.14,
        62.01,
        61.87,
        61.34,
        61.14,
        61.0,
        61.87,
        61.94,
        61.27,
        61.54,
        61.94,
        62.14,
        62.21,
        61.67,
        61.47,
        61.2,
        61.27,
        61.27,
        61.27,
        61.27,
        61.34,
        61.34,
        62.27,
        62.54,
        61.94,
        61.74,
        62.88,
        62.41,
        62.41,
        62.21,
        62.21,
        62.54,
        63.61,
        64.75,
        64.75,
        66.7,
        65.5,
        66.0,
        67.3,
        66.8,
        66.5,
        66.8,
        66.0,
        66.5,
        66.2,
        65.8,
        65.5,
        64.8,
        64.0
    ],
    "mse": 1.1393138544075023,
    "rmse": 1.0673864597265146,
    "mae": 0.5148009275652046,
    "mape": 0.007835031068519632
}