{
    "time": 0.0,
    "predictions": [
        62.97429130640125,
        63.58573743193605,
        63.297533445653755,
        62.56904911430442,
        62.532234641939354,
        62.33299183435127,
        62.27794929874988,
        62.22242301205583,
        62.259168712887174,
        61.89568028918798,
        61.8688224155062,
        61.82558088449426,
        61.64933609622573,
        61.77681345027882,
        61.64402622093327,
        61.66079855454471,
        61.56197307310802,
        61.099563282645,
        61.44145793636342,
        61.56575400516265,
        62.066858647283574,
        61.83898326444481,
        61.839493284674056,
        61.577323485482076,
        61.254975340987585,
        61.46842823489597,
        61.4096224901838,
        61.22205794996505,
        61.90479025729426,
        61.92440908330557,
        61.47639258716601,
        61.22998363362278,
        61.085851901508384,
        61.77815954929409,
        61.96064966509467,
        61.436104044005354,
        61.54507537696277,
        61.91949265991803,
        62.141987783071215,
        62.22734287381361,
        61.80853660222518,
        61.55858250758973,
        61.29858769207926,
        61.306332145315864,
        61.31098297330849,
        61.30953130852689,
        61.30579364219579,
        61.3617024129898,
        61.37244688806723,
        62.13455514948451,
        62.49872594234763,
        62.06914031413604,
        61.8136083906464,
        62.71180782647156,
        62.515816989825076,
        62.43826361787226,
        62.27913838900279,
        62.248540462947666,
        62.510206480423406,
        63.42325708255965,
        64.50701172368947,
        64.72899079123772,
        66.26421904045213,
        65.76421409277582,
        65.90497120990683,
        67.00380868167356,
        66.91598997747467,
        66.58025650396962,
        66.7501228503114,
        66.21704945222648,
        66.41721264050362,
        66.28883174313258,
        65.92031747073949,
        65.60261605859625,
        65.0004905017578,
        64.22614382068167
    ],
    "targets": [
        63.01,
        63.75,
        63.21,
        62.41,
        62.54,
        62.27,
        62.27,
        62.21,
        62.27,
        61.81,
        61.87,
        61.81,
        61.61,
        61.81,
        61.61,
        61.67,
        61.54,
        61.0,
        61.47,
        61.54,
        62.14,
        61.74,
        61.81,
        61.47,
        61.14,
        61.47,
        61.34,
        61.14,
        62.01,
        61.87,
        61.34,
        61.14,
        61.0,
        61.87,
        61.94,
        61.27,
        61.54,
        61.94,
        62.14,
        62.21,
        61.67,
        61.47,
        61.2,
        61.27,
        61.27,
        61.27,
        61.27,
        61.34,
        61.34,
        62.27,
        62.54,
        61.94,
        61.74,
        62.88,
        62.41,
        62.41,
        62.21,
        62.21,
        62.54,
        63.61,
        64.75,
        64.75,
        66.7,
        65.5,
        66.0,
        67.3,
        66.8,
        66.5,
        66.8,
        66.0,
        66.5,
        66.2,
        65.8,
        65.5,
        64.8,
        64.0
    ],
    "mse": 0.01331172642270372,
    "rmse": 0.11537645523547567,
    "mae": 0.08543531660050273,
    "mape": 0.0013455619425593794
}