{
    "time": 0.0,
    "predictions": [
        [
            38.23538023219385,
            38.23538023219385,
            38.23538023219385,
            38.23538023219385
        ],
        [
            38.35216362388918,
            38.35216362388918,
            38.35216362388918,
            38.35216362388918
        ],
        [
            38.26268864454117,
            38.26268864454117,
            38.26268864454117,
            38.26268864454117
        ],
        [
            38.2346234282955,
            38.2346234282955,
            38.2346234282955,
            38.2346234282955
        ],
        [
            38.15386677560518,
            38.15386677560518,
            38.15386677560518,
            38.15386677560518
        ],
        [
            38.291175766969594,
            38.291175766969594,
            38.291175766969594,
            38.291175766969594
        ],
        [
            38.33757991125281,
            38.33757991125281,
            38.33757991125281,
            38.33757991125281
        ],
        [
            38.44727624244408,
            38.44727624244408,
            38.44727624244408,
            38.44727624244408
        ],
        [
            38.290610784454344,
            38.290610784454344,
            38.290610784454344,
            38.290610784454344
        ],
        [
            38.19622820629595,
            38.19622820629595,
            38.19622820629595,
            38.19622820629595
        ],
        [
            38.29169152594998,
            38.29169152594998,
            38.29169152594998,
            38.29169152594998
        ],
        [
            37.99915031506357,
            37.99915031506357,
            37.99915031506357,
            37.99915031506357
        ],
        [
            38.20381524207643,
            38.20381524207643,
            38.20381524207643,
            38.20381524207643
        ],
        [
            38.49880583633786,
            38.49880583633786,
            38.49880583633786,
            38.49880583633786
        ],
        [
            38.63863804301249,
            38.63863804301249,
            38.63863804301249,
            38.63863804301249
        ],
        [
            38.14393200764199,
            38.14393200764199,
            38.14393200764199,
            38.14393200764199
        ],
        [
            37.58551009977183,
            37.58551009977183,
            37.58551009977183,
            37.58551009977183
        ],
        [
            38.87572183432314,
            38.87572183432314,
            38.87572183432314,
            38.87572183432314
        ],
        [
            38.833675221239965,
            38.833675221239965,
            38.833675221239965,
            38.833675221239965
        ],
        [
            40.1852518963351,
            40.1852518963351,
            40.1852518963351,
            40.1852518963351
        ],
        [
            40.522696539724045,
            40.522696539724045,
            40.522696539724045,
            40.522696539724045
        ],
        [
            40.330004276861466,
            40.330004276861466,
            40.330004276861466,
            40.330004276861466
        ],
        [
            39.77308453627891,
            39.77308453627891,
            39.77308453627891,
            39.77308453627891
        ],
        [
            39.53846101277086,
            39.53846101277086,
            39.53846101277086,
            39.53846101277086
        ],
        [
            39.633578771932164,
            39.633578771932164,
            39.633578771932164,
            39.633578771932164
        ],
        [
            39.811699440025365,
            39.811699440025365,
            39.811699440025365,
            39.811699440025365
        ],
        [
            39.83312065309354,
            39.83312065309354,
            39.83312065309354,
            39.83312065309354
        ],
        [
            40.06842738382482,
            40.06842738382482,
            40.06842738382482,
            40.06842738382482
        ],
        [
            40.08523814257623,
            40.08523814257623,
            40.08523814257623,
            40.08523814257623
        ],
        [
            39.93609395496048,
            39.93609395496048,
            39.93609395496048,
            39.93609395496048
        ],
        [
            40.170803816572835,
            40.170803816572835,
            40.170803816572835,
            40.170803816572835
        ],
        [
            40.27482891981079,
            40.27482891981079,
            40.27482891981079,
            40.27482891981079
        ],
        [
            40.001164778018406,
            40.001164778018406,
            40.001164778018406,
            40.001164778018406
        ],
        [
            39.82045167684492,
            39.82045167684492,
            39.82045167684492,
            39.82045167684492
        ],
        [
            39.87040920121039,
            39.87040920121039,
            39.87040920121039,
            39.87040920121039
        ],
        [
            40.03133179439389,
            40.03133179439389,
            40.03133179439389,
            40.03133179439389
        ],
        [
            40.471941483534096,
            40.471941483534096,
            40.471941483534096,
            40.471941483534096
        ],
        [
            40.49539376079276,
            40.49539376079276,
            40.49539376079276,
            40.49539376079276
        ],
        [
            40.289717626777055,
            40.289717626777055,
            40.289717626777055,
            40.289717626777055
        ],
        [
            40.35061472911012,
            40.35061472911012,
            40.35061472911012,
            40.35061472911012
        ],
        [
            40.743571713071475,
            40.743571713071475,
            40.743571713071475,
            40.743571713071475
        ],
        [
            40.58258632991916,
            40.58258632991916,
            40.58258632991916,
            40.58258632991916
        ],
        [
            40.721974392953946,
            40.721974392953946,
            40.721974392953946,
            40.721974392953946
        ],
        [
            40.96293826128086,
            40.96293826128086,
            40.96293826128086,
            40.96293826128086
        ],
        [
            41.04250668896255,
            41.04250668896255,
            41.04250668896255,
            41.04250668896255
        ],
        [
            41.004823805326325,
            41.004823805326325,
            41.004823805326325,
            41.004823805326325
        ],
        [
            41.23353043269502,
            41.23353043269502,
            41.23353043269502,
            41.23353043269502
        ],
        [
            41.35345229602255,
            41.35345229602255,
            41.35345229602255,
            41.35345229602255
        ],
        [
            41.347383251238504,
            41.347383251238504,
            41.347383251238504,
            41.347383251238504
        ],
        [
            41.256330130704704,
            41.256330130704704,
            41.256330130704704,
            41.256330130704704
        ],
        [
            41.21880201710397,
            41.21880201710397,
            41.21880201710397,
            41.21880201710397
        ],
        [
            41.18761002564521,
            41.18761002564521,
            41.18761002564521,
            41.18761002564521
        ],
        [
            41.1292552835926,
            41.1292552835926,
            41.1292552835926,
            41.1292552835926
        ],
        [
            41.06399124109459,
            41.06399124109459,
            41.06399124109459,
            41.06399124109459
        ],
        [
            41.28909781114493,
            41.28909781114493,
            41.28909781114493,
