{
    "time": 0.04726696014404297,
    "predictions": [
        [
            38.51780000000015,
            38.56432769727338,
            38.474874291435825,
            38.452200000000154
        ],
        [
            38.6201000000001,
            38.488316229521466,
            38.474082868421426,
            38.3460500000001
        ],
        [
            38.50550000000016,
            38.52610173823744,
            38.322389789720766,
            38.593650000000096
        ],
        [
            38.505500000000154,
            38.44762277078947,
            38.5358693972204,
            38.51295000000015
        ],
        [
            38.3387000000001,
            38.55005306739159,
            38.51816230708457,
            38.68475000000008
        ],
        [
            38.6281500000001,
            38.521457219687136,
            38.57514975512117,
            38.39215000000012
        ],
        [
            38.496550000000155,
            38.58047636343848,
            38.4627545140813,
            38.387950000000124
        ],
        [
            38.70045000000009,
            38.42703276506938,
            38.44350207306563,
            38.49980000000014
        ],
        [
            38.40370000000013,
            38.41290386049055,
            38.523214344741774,
            38.16785000000013
        ],
        [
            38.400050000000135,
            38.48608400972321,
            38.25587468894884,
            38.62739999999988
        ],
        [
            38.603700000000124,
            38.29384703912115,
            38.57878321825911,
            38.96714999999999
        ],
        [
            38.09955000000013,
            38.54586938058635,
            38.76958874890734,
            39.06819999999989
        ],
        [
            38.63414999999989,
            38.89090558596146,
            38.92138279310995,
            38.27705
        ],
        [
            38.98465,
            39.03098601592898,
            38.41692134027743,
            37.65120000000012
        ],
        [
            39.15259999999993,
            38.55306893984767,
            38.140910039920584,
            39.469250000000066
        ],
        [
            38.273400000000045,
            37.933541888666916,
            39.19400079632512,
            39.44270000000004
        ],
        [
            37.62825000000012,
            39.01296315789478,
            39.35879647217461,
            39.29654999999997
        ],
        [
            37.86590000000007,
            38.22323142817757,
            38.50277828400902,
            38.5014
        ],
        [
            38.34460000000012,
            38.48467776411578,
            38.70003049806972,
            38.55775
        ],
        [
            38.86265000000006,
            38.6323364711375,
            38.886948192969626,
            38.6027
        ],
        [
            39.87124999999996,
            39.53246823237676,
            38.85173354805809,
            39.25635000000003
        ],
        [
            39.8321,
            39.31655938399923,
            38.787043485075856,
            39.173550000000034
        ],
        [
            39.18775000000006,
            38.66435075187971,
            38.67891083381756,
            39.444500000000005
        ],
        [
            39.22745000000006,
            38.882671330014475,
            39.25536294900692,
            39.574350000000024
        ],
        [
            39.365150000000064,
            39.02046420658233,
            38.66428435245151,
            39.24195000000002
        ],
        [
            39.39655000000005,
            38.843104642551594,
            38.387132042715315,
            39.147500000000015
        ],
        [
            39.34665000000005,
            38.75194600135705,
            38.38876465038543,
            39.12775000000002
        ],
        [
            39.85934999999998,
            39.41393333791253,
            38.64459780027789,
            39.05245000000003
        ],
        [
            39.585700000000024,
            39.301568387586286,
            38.832375141190106,
            39.38249999999999
        ],
        [
            39.47300000000004,
            39.23975893522578,
            39.010481954466684,
            39.80319999999997
        ],
        [
            39.95089999999999,
            39.66509747211165,
            39.552912113705545,
            40.20584999999994
        ],
        [
            39.83025000000001,
            39.64776525266564,
            39.94947956501831,
            40.21699999999995
        ],
        [
            39.412750000000045,
            39.21666752380954,
            39.42040057964323,
            40.21344999999995
        ],
        [
            39.537850000000034,
            39.22318486965855,
            39.09480691074742,
            39.68639999999998
        ],
        [
            39.49880000000004,
            39.236647096948815,
            39.0878779617029,
            39.87849999999996
        ],
        [
            39.67350000000002,
            39.62892409031491,
            39.300226285699146,
            40.03964999999995
        ],
        [
            40.26799999999996,
            40.27786912698415,
            40.29225106490455,
            40.373699999999936
        ],
        [
            40.4288499999999,
            40.34788913879598,
            40.41700736579593,
            40.45919999999999
        ],
        [
            39.962949999999964,
            39.740543737373734,
            39.579738025030544,
            39.707250000000016
        ],
        [
            39.953500000000005,
            39.503378355940384,
            39.472055818406844,
            39.628600000000034
        ],
        [
            40.57814999999991,
            40.15315342953346,
            40.019672238697034,
            39.87945000000001
        ],
        [
            40.27999999999993,
            39.76582349927851,
            40.008155009157505,
            39.911500000000025
        ],
        [
            40.572399999999895,
            40.25902932900434,
            39.85847335398668,
            39.642550000000014
        ],
        [
            40.711899999999886,
            40.71159036149356,
            40.37509255852311,
            40.049349999999976
        ],
        [
            41.03544999999988,
            40.87711913380953,
            40.557378261457714,
            40.289199999999965
        ],
        [
            40.99749999999988,
            40.9613625499586,
            40.90350858807557,
            40.43984999999997
        ],
        [
            41.085099999999876,
            40.89068745918514,
            40.56613214600454,
            40.240299999999955
        ],
        [
            41.18479999999987,
            41.036336752571096,
            40.55572201997583,
            40.23609999999996
        ],
        [
            41.29789999999986,
            41.01004727649163,
            40.527255010455384,
            40.178699999999964
        ],
        [
            40.968599999999896,
            40.432249128378004,
            40.389124191770726,
            40.10954999999997
        ],
        [
            41.01709999999987,
            40.90260572721613,
            40.57901040262953,
            40.263199999999955
        ],
        [
            41.03154999999988,
            41.11605473860331,
            41.3791159293539,
            40.72679999999996
        ],
        [
            40.93884999999988,
            40.746931068613236,
            40.64008816980422,
            40.405149999999956
        ],
        [
            40.83554999999989,
            40.71108664339674,
            40.5666970122885,
            40.208099999999966
        ],
        [
            40.84054999999989,
            40.92804400277249,
            40.52653945410259,
            39.975249999999974
        ],
        [
