{
    "time": 0.0010027885437011719,
    "predictions": [
        [
            38.40107246966486,
            38.31215578097854,
            38.26178408662025,
            38.242627916518096
        ],
        [
            38.58042697218413,
            38.438808878277285,
            38.3177195129922,
            38.28219004322174
        ],
        [
            38.50877939673049,
            38.36480004963987,
            38.2641091711082,
            38.218945603340785
        ],
        [
            38.49518021637586,
            38.370533859692806,
            38.29920749638234,
            38.24491136503229
        ],
        [
            38.36244027726345,
            38.27358730708073,
            38.24330699233911,
            38.19297528840383
        ],
        [
            38.56378316827416,
            38.445237075598115,
            38.388330338633445,
            38.33454261743735
        ],
        [
            38.51853906883716,
            38.43215253555542,
            38.37338468419974,
            38.331148043439
        ],
        [
            38.66457884642706,
            38.563499756005086,
            38.495593143993226,
            38.45244956078659
        ],
        [
            38.441305073719185,
            38.370459539400215,
            38.315649924464,
            38.273795371246045
        ],
        [
            38.382084932185805,
            38.31045716728497,
            38.26534773845752,
            38.2188675659671
        ],
        [
            38.547879925969326,
            38.43580100966028,
            38.36052435720551,
            38.30689997094305
        ],
        [
            38.187121417469484,
            38.10628224788826,
            38.063452722724826,
            38.00921600552146
        ],
        [
            38.537198754108445,
            38.391495301799395,
            38.32128745498043,
            38.261333602494844
        ],
        [
            38.90891641987382,
            38.70162277348044,
            38.54194428995128,
            38.466336603646404
        ],
        [
            39.09371228560239,
            38.85756914231385,
            38.65548806293271,
            38.566418446781846
        ],
        [
            38.41949777044638,
            38.28322835308059,
            38.16990825926876,
            38.090601026827684
        ],
        [
            37.687270217983965,
            37.687663107630314,
            37.77167995206884,
            37.72166156212126
        ],
        [
            38.1091760396723,
            38.5146037941343,
            38.9779221746037,
            39.16588377117265
        ],
        [
            38.2079690579072,
            38.50286890097182,
            38.82099374082114,
            38.97509226935074
        ],
        [
            39.97037696588586,
            40.02267643179935,
            40.08405449963471,
            40.213431660257115
        ],
        [
            40.320297108572454,
            40.30471159192064,
            40.186488925288074,
            40.27145747480141
        ],
        [
            40.022724117984374,
            40.11282725632562,
            40.12355529655973,
            40.20540614906877
        ],
        [
            39.295143298951764,
            39.52627828769434,
            39.711034258705325,
            39.8021018699719
        ],
        [
            39.0480880045667,
            39.34172249485789,
            39.64684399017224,
            39.74246579321563
        ],
        [
            39.17790909948296,
            39.4327268460968,
            39.69539398365134,
            39.798161175599866
        ],
        [
            39.36501141799158,
            39.58378865800958,
            39.781273278195336,
            39.890806979139874
        ],
        [
            39.47756321414984,
            39.632836214313045,
            39.766692304584446,
            39.861230740872244
        ],
        [
            39.81073961014283,
            39.91648630007087,
            40.00998943629215,
            40.0911906286009
        ],
        [
            39.81826685923886,
            39.926652673309455,
            40.012112370366054,
            40.083373421307684
        ],
        [
            39.57027141872761,
            39.744543413230474,
            39.91050223179666,
            39.993477702622364
        ],
        [
            39.82458924140672,
            39.999499921921284,
            40.179999270896325,
            40.271319462700504
        ],
        [
            39.982437925770896,
            40.11887457779777,
            40.2396390115101,
            40.31482325456666
        ],
        [
            39.543289220620316,
            39.762979582749054,
            39.96382761861204,
            40.05797512442531
        ],
        [
            39.60737924516943,
            39.729122961131914,
            39.8920113604572,
            39.95138453778774
        ],
        [
            39.62007075742973,
            39.75089700041234,
            39.90287300587502,
            39.964550735236045
        ],
        [
            39.76395468287237,
            39.897359929158476,
            40.05449810586202,
            40.127452760498805
        ],
        [
            40.3406071158927,
            40.38797269812486,
            40.457216353165485,
            40.51858246923764
        ],
        [
            40.448179409718904,
            40.44301098718243,
            40.441958935097425,
            40.47095677721569
        ],
        [
            40.09827442198125,
            40.18397174248146,
            40.27010365575944,
            40.31402930575232
        ],
        [
            40.00297668761845,
            40.19149677255407,
            40.39450620679288,
            40.47361854385624
        ],
        [
            40.50422194441829,
            40.63633714965842,
            40.79730740942221,
            40.8693879529454
        ],
        [
            40.30047765317567,
            40.43026582500928,
            40.555378919681026,
            40.617499194618816
        ],
        [
            40.42825759671161,
            40.57714225598008,
            40.74246483037836,
            40.82079608797287
        ],
        [
            40.758192188069074,
            40.855328202635,
            40.96657275846425,
            41.02926361777756
        ],
        [
            40.87673790249724,
            40.95289411401774,
            41.0335829628999,
            41.08071616207554
        ],
        [
            40.88900680336529,
            40.94336008946416,
            41.014035204242084,
            41.04948589858146
        ],
        [
            41.04426208677282,
            41.14331445113794,
            41.24805527226441,
            41.29891220042943
        ],
        [
            41.20402362373672,
            41.28334984428012,
            41.37493638722883,
            41.41647660791735
        ],
        [
            41.20290638707137,
            41.28032926946667,
            41.35881773132744,
            41.393750294585764
        ],
        [
            41.006376628368265,
            41.14465659638469,
            41.27788924857043,
            41.3273802400016
        ],
        [
            40.94971857638963,
            41.109893982777095,
            41.27186615252875,
            41.32709474296483
        ],
        [
            40.94955360271679,
            41.092239897448124,
            41.22357045224152,
            41.27188886074763
        ],
        [
            40.834273969037014,
            41.00083454706776,
            41.14473304566702,
            41.202700595908794
        ],
        [
            40.685556853209384,
            40.89375271516599,
            41.09561282399127,
            41.17268456716186
        ],
        [
            40.76473878431381,
            41.04246082100629,
            41.304238696152886,
