{
    "time": 0.003026723861694336,
    "predictions": [
        [
            38.426458855415206,
            38.34669138718539,
            38.362353663771884,
            38.39224214089435
        ],
        [
            38.60267853832153,
            38.48528471137034,
            38.40399982608715,
            38.424322819730115
        ],
        [
            38.5243412608346,
            38.42657520075755,
            38.34977668823675,
            38.36380209799359
        ],
        [
            38.50625198161791,
            38.42784487790574,
            38.39184230879847,
            38.40200051115962
        ],
        [
            38.36477777379294,
            38.326034386737554,
            38.323738346685445,
            38.34858085792565
        ],
        [
            38.58009790753063,
            38.49969548788126,
            38.49568148326867,
            38.49874442942969
        ],
        [
            38.524133637530625,
            38.468662254881124,
            38.440811734422994,
            38.477573558397566
        ],
        [
            38.67959832402423,
            38.601158331979754,
            38.582470131020635,
            38.60496327786688
        ],
        [
            38.4395135946139,
            38.400306686933675,
            38.3660705352413,
            38.416098237462215
        ],
        [
            38.38509435014724,
            38.3397728963394,
            38.33514153911239,
            38.3738073883398
        ],
        [
            38.56128125072978,
            38.478310892934026,
            38.45062748521683,
            38.466225790476585
        ],
        [
            38.179457650202764,
            38.15248347770428,
            38.118154907909194,
            38.15924439033834
        ],
        [
            38.56213238074426,
            38.456583682524695,
            38.45052326717286,
            38.43435840729554
        ],
        [
            38.93700964260324,
            38.773610902837405,
            38.66040465609274,
            38.63081465083724
        ],
        [
            39.11902177891365,
            38.93338441269907,
            38.76490375669583,
            38.72853183863902
        ],
        [
            38.40658935648635,
            38.34262289327146,
            38.21208881645334,
            38.23803834218306
        ],
        [
            37.661515667067476,
            37.73597517364635,
            37.822355830229306,
            37.881877124133325
        ],
        [
            38.10841174110183,
            38.44646067059395,
            38.988215216992025,
            39.15959224721292
        ],
        [
            38.201186582649214,
            38.458564757783115,
            38.81287387897868,
            38.96203993546719
        ],
        [
            40.04950637127534,
            40.002526680474006,
            40.209111727777874,
            40.22447578580011
        ],
        [
            40.35181144230944,
            40.284333713532924,
            40.17711842234992,
            40.23432010040182
        ],
        [
            40.026421155471795,
            40.07636244608283,
            40.09112657104897,
            40.17845599551812
        ],
        [
            39.265273009618994,
            39.47182890253203,
            39.648887020725546,
            39.78415458077466
        ],
        [
            39.02228222378831,
            39.28433938390924,
            39.63083997546488,
            39.754248434527284
        ],
        [
            39.1679301476525,
            39.38128329490151,
            39.69733551905471,
            39.80677968311358
        ],
        [
            39.36394443944448,
            39.52977929086539,
            39.77669256824768,
            39.88648925964002
        ],
        [
            39.481589106345226,
            39.59835740766602,
            39.770257777134894,
            39.85703989259075
        ],
        [
            39.82630805893426,
            39.89428961929459,
            40.04025625638788,
            40.095532762797504
        ],
        [
            39.8200869128529,
            39.90524823267373,
            40.01708387262178,
            40.08196247223657
        ],
        [
            39.55939197072067,
            39.714481524105764,
            39.90177090594187,
            39.99090390429173
        ],
        [
            39.82861104887954,
            39.96217229807745,
            40.212567927787546,
            40.28243350698246
        ],
        [
            39.98265526441914,
            40.08630654138336,
            40.257026619238275,
            40.32124270656254
        ],
        [
            39.51941925712195,
            39.71699104181375,
            39.936165741567294,
            40.04936559013065
        ],
        [
            39.61019215933359,
            39.72813440844134,
            39.93795708509946,
            39.97603555488778
        ],
        [
            39.61468075757739,
            39.741292005868026,
            39.92881068478456,
            39.981457643449005
        ],
        [
            39.7668714172558,
            39.884374492920756,
            40.09229338281379,
            40.142583260888046
        ],
        [
            40.368363256431735,
            40.3912892042756,
            40.52718228180143,
            40.535455609927304
        ],
        [
            40.46253327957035,
            40.464642018877015,
            40.4779582483932,
            40.47972999972378
        ],
        [
            40.09385934916372,
            40.186168363972335,
            40.2660417211396,
            40.31313228714082
        ],
        [
            40.00082151105849,
            40.16596062658064,
            40.39225899198899,
            40.470908436529285
        ],
        [
            40.5238281695851,
            40.62179157844467,
            40.84065009629576,
            40.87794368919175
        ],
        [
            40.2941921303475,
            40.41653703827677,
            40.54205070955415,
            40.60759078380291
        ],
        [
            40.43997001976187,
            40.55811314703708,
            40.76190802198147,
            40.81804152780604
        ],
        [
            40.77731486781788,
            40.848997763269935,
            40.993799637354584,
            41.0268833819474
        ],
        [
            40.88896006637434,
            40.95109015994463,
            41.04892317319703,
            41.07746683843203
        ],
        [
            40.90085135962185,
            40.95371254522711,
            41.03663739819862,
            41.05143992755022
        ],
        [
            41.05679236717873,
            41.1321328130816,
            41.26580651098274,
            41.2973137184309
        ],
        [
            41.21727525625445,
            41.281127662857806,
            41.39636083306016,
            41.416132875075064
        ],
        [
            41.21062881650913,
            41.27607838668448,
            41.36687420569946,
            41.39126933709781
        ],
        [
            41.00374333792007,
            41.12411815948141,
            41.262245286559434,
            41.31758423618603
        ],
        [
            40.949418042832235,
            41.08264384816197,
            41.26518181010336,
            41.32265730730946
        ],
        [
            40.94932054522266,
            41.06305372060073,
            41.21566072189044,
            41.2695616498836
        ],
        [
            40.83016123940945,
            40.963217352122726,
            41.11911975881824,
            41.19189563548643
        ],
        [
            40.679844367018134,
            40.853048534645545,
            41.06994977143572,
            41.15754874021013
        ],
        [
            40.764070376039015,
            40.973753625008264,
            41.27345975325686,
