{
    "time": 0.0,
    "predictions": [
        [
            23.896631124423315,
            23.896631124423315,
            23.896631124423315,
            23.896631124423315
        ],
        [
            23.919778978760302,
            23.919778978760302,
            23.919778978760302,
            23.919778978760302
        ],
        [
            23.995246662703515,
            23.995246662703515,
            23.995246662703515,
            23.995246662703515
        ],
        [
            24.08913524881043,
            24.08913524881043,
            24.08913524881043,
            24.08913524881043
        ],
        [
            24.01678416747842,
            24.01678416747842,
            24.01678416747842,
            24.01678416747842
        ],
        [
            23.97987599530176,
            23.97987599530176,
            23.97987599530176,
            23.97987599530176
        ],
        [
            23.6834245501623,
            23.6834245501623,
            23.6834245501623,
            23.6834245501623
        ],
        [
            23.577227144013467,
            23.577227144013467,
            23.577227144013467,
            23.577227144013467
        ],
        [
            23.707986314685712,
            23.707986314685712,
            23.707986314685712,
            23.707986314685712
        ],
        [
            24.03779865892875,
            24.03779865892875,
            24.03779865892875,
            24.03779865892875
        ],
        [
            24.080424661764305,
            24.080424661764305,
            24.080424661764305,
            24.080424661764305
        ],
        [
            24.222082394567188,
            24.222082394567188,
            24.222082394567188,
            24.222082394567188
        ],
        [
            24.325585583170206,
            24.325585583170206,
            24.325585583170206,
            24.325585583170206
        ],
        [
            23.647653758313474,
            23.647653758313474,
            23.647653758313474,
            23.647653758313474
        ],
        [
            23.448670942237783,
            23.448670942237783,
            23.448670942237783,
            23.448670942237783
        ],
        [
            23.68838242810196,
            23.68838242810196,
            23.68838242810196,
            23.68838242810196
        ],
        [
            23.691270668407192,
            23.691270668407192,
            23.691270668407192,
            23.691270668407192
        ],
        [
            23.315115459107012,
            23.315115459107012,
            23.315115459107012,
            23.315115459107012
        ],
        [
            23.280029812253545,
            23.280029812253545,
            23.280029812253545,
            23.280029812253545
        ],
        [
            23.41637427339316,
            23.41637427339316,
            23.41637427339316,
            23.41637427339316
        ],
        [
            23.56091024816265,
            23.56091024816265,
            23.56091024816265,
            23.56091024816265
        ],
        [
            23.946897140614972,
            23.946897140614972,
            23.946897140614972,
            23.946897140614972
        ],
        [
            23.945493606683854,
            23.945493606683854,
            23.945493606683854,
            23.945493606683854
        ],
        [
            23.92438973726098,
            23.92438973726098,
            23.92438973726098,
            23.92438973726098
        ],
        [
            24.248736991176003,
            24.248736991176003,
            24.248736991176003,
            24.248736991176003
        ],
        [
            24.424575392163586,
            24.424575392163586,
            24.424575392163586,
            24.424575392163586
        ],
        [
            24.289032164060302,
            24.289032164060302,
            24.289032164060302,
            24.289032164060302
        ],
        [
            24.365358286391967,
            24.365358286391967,
            24.365358286391967,
            24.365358286391967
        ],
        [
            24.729464863045507,
            24.729464863045507,
            24.729464863045507,
            24.729464863045507
        ],
        [
            25.168361967315896,
            25.168361967315896,
            25.168361967315896,
            25.168361967315896
        ],
        [
            25.37741351733137,
            25.37741351733137,
            25.37741351733137,
            25.37741351733137
        ],
        [
            25.290193254816877,
            25.290193254816877,
            25.290193254816877,
            25.290193254816877
        ],
        [
            25.4287274414304,
            25.4287274414304,
            25.4287274414304,
            25.4287274414304
        ],
        [
            25.551426678270534,
            25.551426678270534,
            25.551426678270534,
            25.551426678270534
        ],
        [
            25.50266870091198,
            25.50266870091198,
            25.50266870091198,
            25.50266870091198
        ],
        [
            25.60269505675827,
            25.60269505675827,
            25.60269505675827,
            25.60269505675827
        ],
        [
            25.935114256638755,
            25.935114256638755,
            25.935114256638755,
            25.935114256638755
        ],
        [
            26.02703055902373,
            26.02703055902373,
            26.02703055902373,
            26.02703055902373
        ],
        [
            25.976290304368575,
            25.976290304368575,
            25.976290304368575,
            25.976290304368575
        ],
        [
            25.892596943903804,
            25.892596943903804,
            25.892596943903804,
            25.892596943903804
        ],
        [
            25.851819983729406,
            25.851819983729406,
            25.851819983729406,
            25.851819983729406
        ],
        [
            25.740678574388237,
            25.740678574388237,
            25.740678574388237,
            25.740678574388237
        ],
        [
            26.527888379156778,
            26.527888379156778,
            26.527888379156778,
            26.527888379156778
        ],
        [
            26.82599000099579,
            26.82599000099579,
            26.82599000099579,
            26.82599000099579
        ],
        [
            27.116971146539594,
            27.116971146539594,
            27.116971146539594,
            27.116971146539594
        ],
        [
            27.32141533471713,
            27.32141533471713,
            27.32141533471713,
            27.32141533471713
        ],
        [
            27.522424755812814,
            27.522424755812814,
            27.522424755812814,
            27.522424755812814
        ],
        [
            27.550925162995583,
            27.550925162995583,
            27.550925162995583,
            27.550925162995583
        ],
        [
            27.198182281132166,
            27.198182281132166,
            27.198182281132166,
            27.198182281132166
        ],
        [
            27.006288263689797,
            27.006288263689797,
            27.006288263689797,
            27.006288263689797
        ],
        [
            27.06325118557357,
            27.06325118557357,
            27.06325118557357,
            27.06325118557357
        ],
        [
            27.026721195440107,
            27.026721195440107,
            27.026721195440107,
            27.026721195440107
        ],
        [
            27.065598559583904,
            27.065598559583904,
            27.065598559583904,
            27.065598559583904
        ],
        [
            27.038338880589542,
            27.038338880589542,
            27.038338880589542,
            27.038338880589542
        ],
        [
            27.325853032396374,
