{
    "time": 0.02962207794189453,
    "predictions": [
        [
            24.054500000000008,
            24.083182109556706,
            24.254200000000004,
            24.10019452161334
        ],
        [
            24.141300000000044,
            24.294760867144088,
            24.331499999999956,
            24.105899806696335
        ],
        [
            24.265499999999992,
            24.301861659579618,
            24.200499999999998,
            24.091027676710166
        ],
        [
            24.33569999999996,
            24.257009191304427,
            24.18,
            23.954568955017088
        ],
        [
            24.202999999999996,
            24.23324870947993,
            23.806800000000003,
            23.889367386778243
        ],
        [
            24.196200000000005,
            23.863549032441316,
            23.746499999999997,
            23.930119593374314
        ],
        [
            23.74600000000001,
            23.789058639734787,
            23.945500000000003,
            24.21818097413457
        ],
        [
            23.821299999999997,
            23.947396275453023,
            24.346699999999995,
            24.133391756199504
        ],
        [
            23.999399999999994,
            24.359736306818586,
            24.299999999999958,
            24.37736790566398
        ],
        [
            24.43649999999999,
            24.377979757215133,
            24.44269999999996,
            24.289945738905125
        ],
        [
            24.287699999999973,
            24.359415184238316,
            24.36970000000003,
            23.121436817944037
        ],
        [
            24.55329999999997,
            24.507088738089625,
            22.926199999999984,
            23.06214156837275
        ],
        [
            24.600500000000032,
            23.209003120420746,
            23.1355,
            23.31457328862578
        ],
        [
            24.34999999999998,
            24.17293858263081,
            23.456100000000006,
            23.185561917928258
        ],
        [
            23.688100000000016,
            23.819293069470984,
            24.012300000000014,
            23.796555394293605
        ],
        [
            23.8601,
            24.192500425598485,
            24.11680000000001,
            24.024989222110193
        ],
        [
            23.89230000000001,
            23.898878492952107,
            23.92770000000001,
            23.793985500637792
        ],
        [
            23.56979999999999,
            23.317728623783626,
            23.221000000000004,
            23.17869364004006
        ],
        [
            23.671400000000013,
            23.88607158347122,
            23.6525,
            23.492150234470706
        ],
        [
            23.679200000000023,
            23.81835617518384,
            24.040599999999994,
            23.84334558969216
        ],
        [
            23.736600000000013,
            23.968568901346565,
            23.980099999999997,
            23.876621198625703
        ],
        [
            24.2598,
            24.252696673701404,
            23.983899999999995,
            23.962768014777758
        ],
        [
            23.9749,
            24.158579437082853,
            23.815400000000018,
            23.648953236462784
        ],
        [
            24.186200000000003,
            23.916778724640352,
            23.944400000000023,
            23.803253607077487
        ],
        [
            24.51219999999999,
            24.455531867721884,
            23.705899999999996,
            23.95549314495841
        ],
        [
            24.605900000000005,
            24.430731854346337,
            24.338799999999992,
            23.96801749394586
        ],
        [
            24.537399999999984,
            24.355063746547934,
            24.32089999999999,
            23.986840667064815
        ],
        [
            24.60960000000001,
            24.36332753585803,
            24.392999999999994,
            24.02072740274342
        ],
        [
            24.67210000000001,
            24.44360928601911,
            24.425599999999996,
            24.070804726306363
        ],
        [
            25.084399999999988,
            24.89416027186071,
            24.72889999999999,
            24.220999616041645
        ],
        [
            25.261899999999986,
            24.973892910306045,
            24.835499999999993,
            24.203057513437148
        ],
        [
            25.137499999999985,
            24.747824999999985,
            24.55859999999999,
            23.922385082978703
        ],
        [
            25.305899999999983,
            24.85710555555553,
            24.52799999999999,
            24.038888597223323
        ],
        [
            25.258599999999987,
            24.996788888888858,
            24.794399999999996,
            24.156805294895108
        ],
        [
            25.15989999999998,
            24.86538055555553,
            24.7733,
            24.188336988627064
        ],
        [
            25.285199999999982,
            24.84641031746029,
            24.536999999999992,
            24.09540592174929
        ],
        [
            25.291599999999974,
            24.91590079365077,
            24.574699999999986,
            24.11967584349421
        ],
        [
            25.237699999999986,
            24.8324472222222,
            24.60819999999998,
            24.014741451296494
        ],
        [
            25.215499999999984,
            24.939080555555524,
            24.84279999999999,
            24.188887105029423
        ],
        [
            25.215499999999984,
            24.8324472222222,
            24.607599999999984,
            24.04316806363402
        ],
        [
            25.237699999999986,
            24.8324472222222,
            24.60819999999998,
            24.02920188842035
        ],
        [
            25.167599999999982,
            24.784347222222205,
            24.590899999999984,
            24.05333195283391
        ],
        [
            25.302899999999976,
            24.91590079365077,
            24.572599999999984,
            24.161592517089925
        ],
        [
            25.144199999999984,
            24.782924999999977,
            24.59099999999998,
            24.05969887297517
        ],
        [
            25.32759999999998,
            24.9094722222222,
            24.584099999999985,
            24.202025926089554
        ],
        [
            25.279299999999985,
            24.8239222222222,
            24.623199999999983,
            24.09755702256252
        ],
        [
            25.309199999999983,
            24.863522222222194,
            24.594599999999986,
            24.115418739971936
        ],
        [
            25.185599999999987,
            24.921047222222196,
            24.794899999999995,
            24.132488109871687
        ],
        [
            25.16209999999998,
            24.909324999999985,
            24.79579999999999,
            24.157126800347886
        ],
        [
            25.270299999999988,
            24.8298472222222,
            24.611799999999985,
            24.014856938925767
        ],
        [
            25.278399999999984,
            24.86245555555553,
            24.605999999999984,
            24.00948883286516
        ],
        [
            25.185599999999987,
            24.791247222222204,
            24.592499999999987,
            24.030716324157403
        ],
        [
            25.273999999999983,
            24.861426984126958,
            24.593599999999988,
            24.09931873997194
        ],
        [
            25.230499999999985,
            24.8393472222222,
            24.605699999999988,
            24.02288666114799
        ],
        [
            25.331899999999976,
            24.914222222222197,
