{
    "time": 0.0,
    "predictions": [
        [
            24.068442448181703,
            23.99228085204814,
            23.909649849481564,
            23.85750380879049
        ],
        [
            24.115317484751763,
            24.049221737811486,
            23.973698420229447,
            23.90902450367985
        ],
        [
            24.21871067338522,
            24.145213345551912,
            24.066652916453236,
            23.993007740030787
        ],
        [
            24.313651098464575,
            24.237466020773148,
            24.14954875131369,
            24.075569110553154
        ],
        [
            24.243289633255017,
            24.149165608692357,
            24.05977015809701,
            23.991524282494055
        ],
        [
            24.20431414479333,
            24.12538952758772,
            24.05128106364512,
            23.98087967728764
        ],
        [
            23.8965521319653,
            23.793985792928815,
            23.739273921373435,
            23.681472965245543
        ],
        [
            23.806629034136662,
            23.73730165958189,
            23.694586167886243,
            23.6219172464224
        ],
        [
            23.949724240834186,
            23.879930538531475,
            23.810933704999893,
            23.730514001496587
        ],
        [
            24.309068900010313,
            24.236842839330752,
            24.122406879931464,
            24.028237595348106
        ],
        [
            24.36369493488499,
            24.241712947506382,
            24.09601008706825,
            24.010853993181886
        ],
        [
            24.512842903579195,
            24.417858732948318,
            24.286380670040028,
            24.190627195472956
        ],
        [
            24.620651036028022,
            24.511702099821868,
            24.38161050620179,
            24.28727885742999
        ],
        [
            23.958567706372797,
            23.76058416415635,
            23.63735562691532,
            23.58932257581676
        ],
        [
            23.69337997859818,
            23.609683057093086,
            23.566816246481558,
            23.516989026717738
        ],
        [
            23.90560801684265,
            23.841070041862615,
            23.778050281328525,
            23.731896395668638
        ],
        [
            23.975734424233657,
            23.852672658793693,
            23.721507611416246,
            23.663209781739205
        ],
        [
            23.58864282753535,
            23.42862150359326,
            23.2982906035531,
            23.256164136243925
        ],
        [
            23.58428237688458,
            23.474135129001077,
            23.36311621731847,
            23.29472608622726
        ],
        [
            23.702405737115274,
            23.586600883551203,
            23.462916613899672,
            23.4028134782036
        ],
        [
            23.828510442247328,
            23.717907170703388,
            23.582526804227864,
            23.527530907595757
        ],
        [
            24.246414576156585,
            24.144653081356747,
            23.96747507246494,
            23.89397249308124
        ],
        [
            24.26502474104499,
            24.101977294214976,
            23.908642685445926,
            23.843741034823793
        ],
        [
            24.217804292268507,
            24.0880377265924,
            23.937698010166603,
            23.874801259352985
        ],
        [
            24.500883917415212,
            24.416661952786278,
            24.284170662645234,
            24.2241419409815
        ],
        [
            24.718459704216418,
            24.59766571497581,
            24.432153504270534,
            24.365402474479243
        ],
        [
            24.69220762191562,
            24.51407455702087,
            24.310703389401738,
            24.214115966382206
        ],
        [
            24.70503807923305,
            24.566856855718843,
            24.40633432235867,
            24.325108693653057
        ],
        [
            25.057722961923005,
            24.954953422941024,
            24.796620133579736,
            24.708147570300028
        ],
        [
            25.564672725365394,
            25.430026229662317,
            25.20752933586471,
            25.09786484111276
        ],
        [
            25.83178636991542,
            25.644071228106093,
            25.3791202719359,
            25.25961435565166
        ],
        [
            25.760343026522996,
            25.552140523400844,
            25.30910918834829,
            25.190390076671374
        ],
        [
            25.869164429919437,
            25.713004132266022,
            25.519119172448345,
            25.398800314439768
        ],
        [
            25.988696067999392,
            25.82171478813511,
            25.628319265914588,
            25.51171934283463
        ],
        [
            25.90983702956735,
            25.743136149628725,
            25.568928967600186,
            25.4648850396002
        ],
        [
            26.01949926455606,
            25.876796659558075,
            25.7052307122564,
            25.589564772564234
        ],
        [
            26.38794609255741,
            26.23995987176066,
            26.03343317307268,
            25.90290325022519
        ],
        [
            26.50632412994088,
            26.311777735610825,
            26.07591476351309,
            25.94687901938189
        ],
        [
            26.434085669876584,
            26.250615717324713,
            26.04375580590724,
            25.921005827177034
        ],
        [
            26.344534289404447,
            26.17033161440159,
            25.990463531032827,
            25.86928892568175
        ],
        [
            26.282670614037706,
            26.123725463476934,
            25.966951318682682,
            25.850853085216084
        ],
        [
            26.16940438514326,
            26.003774268357,
            25.845656990158492,
            25.733414586671216
        ],
        [
            27.00274692906038,
            26.91178278867512,
            26.702618441807758,
            26.54657427273849
        ],
        [
            27.340437314996706,
            27.111732777138535,
            26.806248944415465,
            26.670198041846454
        ],
        [
            27.523312005497463,
            27.383406171162548,
            27.15581514412279,
            27.039563845455326
        ],
        [
            27.709042238354968,
            27.557224777606713,
            27.339280829992028,
            27.235206011006582
        ],
        [
            27.893859226179,
            27.772109885538633,
            27.59630569614506,
            27.491180374046237
        ],
        [
            27.901647908057583,
            27.762507798595323,
            27.588290762189217,
            27.49738586869288
        ],
        [
            27.528268634109065,
            27.38314566911248,
            27.255410414052783,
            27.177630592359314
        ],
        [
            27.324567494762054,
            27.22659808754328,
            27.14213397613863,
            27.056360138750435
        ],
        [
            27.37710353446502,
            27.282956766489225,
            27.188175701877086,
            27.10149937216685
        ],
        [
            27.313781800783886,
            27.20746363752913,
            27.101006519930657,
            27.028566685147716
        ],
        [
            27.375803274458598,
            27.27975742588596,
            27.15685102682972,
            27.071032073804936
        ],
        [
            27.38711226690574,
            27.255195939418407,
            27.105834802344525,
            27.014399297826404
        ],
        [
            27.68289801642441,
