{
    "time": 0.00201416015625,
    "predictions": [
        [
            24.049534147404245,
            24.06289765612982,
            24.025319527525056,
            24.009798471488565
        ],
        [
            24.099414121822207,
            24.134503459520232,
            24.09048937132135,
            24.07401491796495
        ],
        [
            24.202305223121073,
            24.23683384082898,
            24.180986522340618,
            24.16133967134676
        ],
        [
            24.297697486222177,
            24.324162348430605,
            24.26755484740469,
            24.239101815167437
        ],
        [
            24.22236463528219,
            24.230541926363138,
            24.17436071926489,
            24.15955229131164
        ],
        [
            24.18714057807793,
            24.209049008530908,
            24.151277578437618,
            24.140364734712012
        ],
        [
            23.868394951437836,
            23.88749436333068,
            23.819749952348232,
            23.829936342238994
        ],
        [
            23.78882972514009,
            23.839687644126073,
            23.77898627749979,
            23.80074888029933
        ],
        [
            23.934735801395618,
            23.980049032802462,
            23.918670417086666,
            23.920772732423934
        ],
        [
            24.300595581678664,
            24.3211237904695,
            24.26236681081061,
            24.238035013668586
        ],
        [
            24.34388593962848,
            24.310697533859464,
            24.24535279092643,
            24.222439813951805
        ],
        [
            24.5004154617736,
            24.496215475305515,
            24.429551375441452,
            24.396721691723318
        ],
        [
            24.603738434641116,
            24.594714722559605,
            24.50904147603175,
            24.460511139212283
        ],
        [
            23.911225649839935,
            23.8368374429689,
            23.696580002488947,
            23.793206591192348
        ],
        [
            23.6702275636556,
            23.699805298024664,
            23.607043992216738,
            23.73102193851159
        ],
        [
            23.890427261746453,
            23.90904702441885,
            23.83029378950441,
            23.928074956114003
        ],
        [
            23.953472245437354,
            23.905777028468272,
            23.81486604342973,
            23.914761088175
        ],
        [
            23.553517584982927,
            23.480314239524844,
            23.388038477403164,
            23.51797842144226
        ],
        [
            23.56408922388809,
            23.548130150552932,
            23.456474108378217,
            23.588128997921956
        ],
        [
            23.681500982374445,
            23.645216486438315,
            23.559293033137166,
            23.67964687225738
        ],
        [
            23.810343728250643,
            23.76155198873752,
            23.683367261655043,
            23.78993534665495
        ],
        [
            24.23764330364429,
            24.178110813219384,
            24.102807641937083,
            24.176820394313687
        ],
        [
            24.23806863301425,
            24.1409791595625,
            24.048854076783464,
            24.127383033983975
        ],
        [
            24.193956733202015,
            24.146174693719207,
            24.063335725175047,
            24.147598753926584
        ],
        [
            24.485846198314135,
            24.475659402471678,
            24.43130864162963,
            24.505109262302117
        ],
        [
            24.6986848759814,
            24.646713395896384,
            24.584813019103763,
            24.648799091094617
        ],
        [
            24.66363459150699,
            24.58741379731227,
            24.46422148940685,
            24.51971352950005
        ],
        [
            24.680087812096076,
            24.643686577560914,
            24.550628936116176,
            24.610742474034858
        ],
        [
            25.04335406592969,
            25.030229164729697,
            24.94186973844492,
            24.968838514806933
        ],
        [
            25.55264933348252,
            25.487679733354987,
            25.37218140565671,
            25.358530410195293
        ],
        [
            25.811775578171535,
            25.695054976815047,
            25.540263256457976,
            25.50235102285754
        ],
        [
            25.73287222073941,
            25.61716787398561,
            25.423479087835062,
            25.382147716494046
        ],
        [
            25.851309291380858,
            25.79229713679744,
            25.600916777236,
            25.54832600641482
        ],
        [
            25.965678488403057,
            25.90636642174114,
            25.721933854619763,
            25.66870501793977
        ],
        [
            25.883201596628,
            25.828441953195902,
            25.641394523885868,
            25.587615355518256
        ],
        [
            26.001048595650758,
            25.967382294015795,
            25.773008802501106,
            25.70235362835336
        ],
        [
            26.374110509452265,
            26.32193522512918,
            26.123431078268688,
            26.028828632450434
        ],
        [
            26.482117093813713,
            26.388571939151674,
            26.17502033939592,
            26.074277606393117
        ],
        [
            26.407831317311263,
            26.340230576974665,
            26.133256303645084,
            26.041190070344143
        ],
        [
            26.31841119719988,
            26.268023055534268,
            26.052550732981167,
            25.96729590290669
        ],
        [
            26.257658959564708,
            26.226149458523743,
            26.01394686411161,
            25.93219664554359
        ],
        [
            26.143026223052033,
            26.099891135927738,
            25.889072902575503,
            25.818272896114973
        ],
        [
            27.01117413932613,
            26.985220838075033,
            26.780995875027244,
            26.63930406016992
        ],
        [
            27.317701571972833,
            27.14879754821049,
            26.923438857198136,
            26.766312001380925
        ],
        [
            27.514817110358592,
            27.422255989064585,
            27.226151848525777,
            27.04685528777917
        ],
        [
            27.695443740978817,
            27.58766506558836,
            27.389595062143606,
            27.203567611873503
        ],
        [
            27.884085416030587,
            27.81866839251477,
            27.61293721736409,
            27.412644485306828
        ],
        [
            27.885132299560212,
            27.79996979014352,
            27.602381344402477,
            27.409432402819622
        ],
        [
            27.502546851886535,
            27.43995159669983,
            27.240276460929202,
            27.08206961592841
        ],
        [
            27.307823428607918,
            27.307346182664336,
            27.103846061252426,
            26.94946568354925
        ],
        [
            27.362620652271715,
            27.359725300826263,
            27.152836443540984,
            26.983266178334766
        ],
        [
            27.29608178911363,
            27.26583735119558,
            27.06794180223979,
            26.900035734049982
        ],
        [
            27.364631463613534,
            27.337941269600872,
            27.13881057428381,
            26.963162449486447
        ],
        [
            27.369444531109764,
            27.311923775485173,
            27.1012650585793,
            26.931235183771975
        ],
        [
            27.679418360195626,
